1,Nguy?n Khánh Dung,nguy?n.khánh.dung@mail.com,7/25/1982,8/22/2024 3:46,password1
2,Ð?ng Ðình Huy,d?ng.dình.huy@test.org,11/2/2020,3/11/2022 3:46,password2
3,Ph?m H?u An,ph?m.h?u.an@mail.com,6/27/1993,3/14/2022 3:46,password3
4,Bùi H?u Linh,bùi.h?u.linh@test.org,6/15/1983,10/21/2022 3:46,password4
5,Ph?m Th? Dung,ph?m.th?.dung@test.org,9/6/2006,1/18/2022 3:46,password5
6,Ð? Thanh Linh,d?.thanh.linh@example.com,7/18/2013,6/25/2022 3:46,password6
7,Nguy?n Minh Vân,nguy?n.minh.vân@mail.com,1/1/1991,7/15/2024 3:46,password7
8,Nguy?n Van Tú,nguy?n.van.tú@example.com,4/14/2013,3/9/2023 3:46,password8
9,Ð? Qu?c Dung,d?.qu?c.dung@example.com,11/1/2002,4/9/2023 3:46,password9
10,Ð?ng Th? An,d?ng.th?.an@example.com,7/4/2015,4/20/2024 3:46,password10
